person_id,phone_number
877,433-346-3946
428,775.419.3666
752,257.930.4506
230,545.942.5106
937,219.160.4468
857,707-895-3880
663,916-114-1523
883,369-231-0597
302,594-986-6802
217,864-827-1992
740,622.215.5943
728,609.156.7115
417,799-066-7841
322,152.439.4985
913,287-447-5096
192,955-088-0071
151,392.262.1291
776,780.423.3570
825,891-276-8455
458,223-125-3414
760,517-920-9866
143,403.652.0284
108,228.620.2339
137,343.117.6652
189,532.691.0993
753,166-761-2261
985,214.194.9024
240,200-375-3301
573,790-121-1036
251,698-317-1810
551,610.001.6795
19,562.723.3336
295,188.115.1848
74,905.752.5910
796,947.083.9809
2,443.344.2752
380,361-606-5932
305,636.644.2182
707,983.124.7019
368,946.969.1016
851,499.860.4673
623,361.469.8976
296,563-270-9602
775,473.759.6071
629,619.970.2182
726,566-225-6848
823,156.253.1798
377,873-994-0240
118,472-013-7985
691,333.680.8539
285,754.512.7612
837,673-017-4783
38,102.019.1382
79,176.888.4373
166,211.238.6059
871,572-156-9866
123,776.563.2869
921,833.702.6794
277,305-385-3554
50,884-968-2285
736,901.248.3158
476,155.662.9272
938,460-575-5537
626,203-125-0736
717,637-904-9867
918,398-427-7212
743,233-490-4351
675,683.613.5200
361,377-261-1589
694,305-085-6758
128,327-060-5076
954,114.325.5655
467,163.688.3616
137,918-809-6224
594,756-819-2406
951,464-149-4309
569,309-214-9932
694,316-286-7888
951,706.399.9809
271,750-248-3710
769,462-082-5799
987,801.369.0053
314,138.436.0313
582,852-312-0324
957,573-442-5980
49,430-895-1194
330,154.518.4589
342,798-253-2703
826,626-470-1823
564,546-928-7974
392,296-256-8788
116,174-189-4353
729,252.737.5277
833,515.758.3076
452,506-983-0601
299,765-897-9572
358,484-461-9927
643,887-965-6886
935,934.248.9660
397,977-641-1355
76,346.558.9433
71,335-741-2518
781,931-742-2093
663,873-074-9080
112,900.427.7467
719,902.102.5253
531,241-393-8827
459,812-112-3399
368,771.661.4985
696,692-153-9826
504,799-493-7382
468,341-170-3975
664,490.781.8772
11,518-260-8728
55,732.416.8502
807,541-289-4197
642,921.739.0311
408,805-657-0661
491,565-220-7713
719,657-283-5420
782,864.665.0287
946,975.999.9851
312,472-200-9646
490,623-275-9604
302,365-043-8301
749,958-793-1893
125,705.995.3250
649,633.679.0019
573,533.955.9515
48,140.742.4817
5,954.818.1417
532,258-472-5233
224,813.989.5535
498,633.811.4487
973,955.553.8183
337,900.446.2551
298,522.164.0188
294,390-566-6424
285,273-663-1063
291,754.882.8874
167,688.710.4548
660,220-401-4688
898,399.105.3684
475,232-863-5793
481,474-661-1548
566,197-546-1632
208,717.089.2344
623,764-886-4932
482,966.989.2190
659,815-577-5177
837,842-796-0488
820,672.243.8784
784,986-342-8862
424,357.525.1182
75,289-120-9740
866,685-048-5296
799,216-261-4222
745,805.367.9652
92,483.586.5288
930,131.348.7908
489,393.266.6955
948,247.801.9395
300,162-462-5522
59,254.759.4279
366,856-809-3002
65,303-675-7802
129,491-891-7065
570,715.429.8202
805,742.128.3106
305,349-985-5828
602,787.115.8398
49,591.974.5560
404,795-059-9621
453,246-949-4340
969,179.479.3770
262,566.937.3767
360,104-845-0404
486,121.739.8731
33,551.332.4137
502,124.125.4040
692,414-972-3791
566,903.739.8927
830,800.616.5296
239,468.851.1504
949,837-298-4051
351,916-982-5101
769,749.325.0413
549,558-229-1762
578,843.421.2699
377,973-050-6199
357,857.229.4967
923,741.298.3379
898,847-027-4397
572,308-298-9291
682,225.066.1102
151,734-792-0678
789,325.602.0979
581,101.498.2711
472,728.958.3628
121,109.882.7698
682,504-268-3433
642,794-504-7194
607,527.006.9478
692,314.555.8192
925,173.957.2532
953,171.859.6194
61,308.642.9047
254,339-187-4555
107,146-836-1999
759,918.520.4130
157,884-104-5582
185,274-305-1899
936,361.832.9841
13,942-338-9543
731,677.483.9478
773,136-166-7124
838,691-968-7050
120,676.147.3896
272,241-774-8627
440,695-263-8300
945,142-409-7891
231,175-075-8866
357,378-724-7986
301,568.509.0622
979,219-160-2016
539,438.534.0909
508,432-875-7059
785,866-920-2958
460,497-674-4009
794,834.261.4354
592,178.936.8448
693,585.133.4663
913,333.257.6733
756,981.329.4487
931,773.196.9064
365,153.742.3003
359,876.023.0829
49,669.555.8986
672,844-888-8061
452,740.777.8499
824,561.869.8403
278,989-500-2974
298,909.498.5576
329,749.894.6696
428,722-468-0890
427,202-349-4025
119,768.304.4475
41,517-841-3656
50,648-099-0151
648,157-952-0326
563,161-428-2963
672,708-786-0447
51,271-334-6991
187,802.840.1826
885,558.382.2205
750,901-315-9392
146,543-297-5002
265,895.532.2711
289,473-967-6111
558,372-838-8940
558,384.201.5152
919,832.095.4069
314,941.469.2103
862,697.533.9000
527,198-460-2268
173,914-830-1818
73,779-322-7995
295,871-409-4699
416,385-904-7562
776,664.835.2484
620,706.828.4042
133,247-581-0602
660,557-552-0003
730,488.117.7534
966,220.734.1381
6,494-200-0120
552,271-251-5083
38,997-958-1238
805,465-362-2478
268,480.394.5212
14,761.980.2838
399,988.123.4290
277,344-017-2556
905,617-320-0662
449,730-965-5709
441,138-491-5700
797,431-337-2115
932,824.078.6556
408,713-450-2468
488,811.551.4319
158,296-059-4199
374,139.097.3713
149,211.563.1511
217,355.773.5456
826,649-609-3762
752,409-085-4145
696,265-707-7346
851,252.703.4281
282,394-895-4207
203,449.044.9856
131,394-061-0888
309,230.852.1327
282,377.183.6154
808,464.348.0651
391,802.464.8392
240,644.749.6647
570,472-443-7257
42,602.981.4668
815,466-605-4801
477,964.129.0805
758,899-477-2395
733,942.231.1307
28,328.041.1036
274,970-480-9103
458,174.731.7919
708,947.348.4578
834,908-304-0473
908,992.512.5377
227,359-378-6040
847,713-378-6836
459,421-833-6189
754,728-674-4635
171,573.183.6671
741,942.917.9682
952,982-201-7383
489,734-781-3835
679,889.392.1183
972,554.797.8624
320,216-941-1688
483,860-474-1973
364,829.748.3666
439,136-200-9776
79,397-276-6842
115,658.878.6040
661,440-755-0433
612,704-996-7356
294,120-999-3679
62,786.420.6621
968,755.670.0524
994,553.389.6543
801,537.441.8172
905,188-484-9592
783,157.029.6553
898,337-722-8736
320,563-295-5368
299,288-035-1254
211,115-977-9404
606,570.156.6742
309,894-107-5766
344,633.044.8548
719,619-782-7190
670,265.715.3378
712,159.177.6084
241,184-045-9069
592,319.043.4591
403,213-901-0641
976,761-330-7455
90,202.503.0766
827,485-292-6330
890,201.422.1400
903,746.779.3316
514,832.729.5962
453,986.916.6220
744,269-532-9770
638,435.053.8306
665,974-489-7600
401,856.224.1154
105,174.221.6876
726,171-220-4548
201,890-437-8970
778,867.134.3085
762,493.416.7776
388,576.960.2917
421,693-837-4172
56,680.627.2997
851,940.769.6497
593,446.653.9706
401,387.492.3983
714,910.824.0069
723,733-520-3693
90,966-903-2658
302,995.763.4215
864,445.744.1849
618,186.216.7540
852,490.715.2401
855,562.427.5319
192,616-931-3284
855,660-775-0383
130,692.724.8806
636,680-533-3631
381,902.904.4098
812,467.433.0582
387,369-084-8700
452,376-190-4307
577,968-016-1919
295,360.801.6211
794,985-170-5447
898,362-695-9580
200,425-943-2067
611,885.155.9013
720,612-613-6810
496,594.826.3887
240,342.995.8067
506,553-421-6798
930,785.181.1330
159,588.237.9199
97,544.811.8145
959,678.084.7578
902,288.546.5446
481,467-350-1821
687,517-781-4728
415,244-822-3038
915,266.634.5275
288,560-499-5676
436,843-291-0656
622,367.949.3814
269,349.963.3754
549,401.185.3480
791,277.689.7828
428,875.053.9976
4,359.855.7113
374,345.468.7371
973,742-928-9913
180,477-690-3182
908,743.116.4960
117,715-238-3003
327,579.301.5266
555,623-170-9214
762,545-272-8595
400,323-320-6342
574,673-559-8857
850,421.626.0609
712,493-908-8771
803,280-218-7863
350,832-572-0443
812,108-924-9795
515,792.351.4956
771,173.751.0618
50,839-560-6057
640,742.138.3227
822,610.879.0985
893,441.138.0211
599,257.678.6170
600,664-636-9049
60,937.869.4939
555,386.152.9133
681,363-148-9846
277,748.287.3576
197,546-319-2615
523,255-660-1857
45,465-396-7313
137,341-467-4772
398,718-411-4009
473,552.347.3256
380,847-946-6475
104,941.266.1313
522,423-826-7870
482,797-759-2221
204,127.377.2900
466,599-415-2093
277,708.587.8626
523,517-408-7904
351,446.967.3450
227,655.494.7517
641,777.499.7464
979,444-411-5299
954,376-329-9351
428,984-186-0921
739,890-765-1639
301,898-295-1775
168,210-026-8138
530,900.036.9752
853,333.737.8964
192,280-365-2095
837,336.784.2316
544,544.350.1734
735,234.862.0377
673,491-908-3573
755,858-816-7997
43,508-895-7577
649,507.203.6373
971,977-446-7880
361,997.873.3793
905,205-657-5396
659,925.620.7340
822,744.791.4355
237,974.357.5104
234,417-596-6750
350,960-510-7729
604,207.113.9204
66,182.023.5219
490,430.963.3360
197,651.450.9910
719,533.361.0148
862,581-852-8793
664,104-065-5554
624,497.553.6772
565,731.273.0634
535,577.491.0484
565,319-120-2077
380,848.776.7224
984,166.770.0211
684,819.566.3932
820,684.720.1926
782,343.595.9678
220,648.816.9811
141,983-665-3893
939,305-803-8964
903,493-088-1404
612,168-010-8467
211,360-662-6414
204,990-956-6187
869,530-379-6801
755,218-934-4526
760,917.564.4513
59,131-131-1228
681,975.668.7516
732,602.985.8470
941,351.033.4155
903,828-998-2731
72,509-963-8239
575,941-031-2680
415,531.919.2398
538,408.314.8231
196,699.357.4411
26,191-165-8481
1000,318.823.3216
624,708-816-8432
406,508.582.7776
562,388.812.8701
682,730.715.7591
569,987.567.3465
365,437-933-7929
853,464-335-3705
915,326.943.0866
388,278-260-1612
270,486-820-6899
724,791.706.1740
356,933.999.9122
812,972.038.1034
582,233.422.4833
138,802.204.0830
748,798-378-1124
576,838.806.4785
125,416-555-5104
788,750-173-5402
425,244.213.3741
783,630.107.9143
266,736.047.1830
855,886-423-1624
33,138-828-5723
499,216.690.7269
294,587.601.7253
102,306.979.7770
558,740-356-6044
610,673.537.4458
419,683-479-0788
96,446.209.8827
723,748.058.8524
533,358-506-0396
902,645-507-8027
469,928-208-4481
369,312.404.5961
583,408.697.3244
59,448.791.7672
318,116-413-6406
614,806-623-0340
113,225-439-2164
742,761.073.8715
263,205.380.0628
462,749-840-8101
322,360.350.3389
883,658-544-5998
970,549.346.1034
250,841-440-5161
577,423-350-2826
566,984.173.9500
241,382.036.4721
743,462.125.5986
382,236-308-5157
642,327-421-3566
751,757.641.5052
599,982.179.4233
778,716-108-4975
38,973-379-5166
523,110-226-3251
148,998-281-7016
461,995-810-4432
208,887-416-7870
27,136-045-1113
578,512-148-2787
603,629.825.8991
112,553.260.8547
291,366.654.3293
684,686.762.3144
833,888.500.2333
226,898-313-7547
848,205.526.0394
41,273.382.5134
304,774.860.1043
714,294-415-5935
671,659-683-9506
775,705.389.4096
785,803.497.6460
926,488.245.4560
490,535-983-1889
731,217-385-4525
107,512-823-6577
349,328.043.3595
320,537.833.0289
913,479.588.8926
644,303-338-6179
446,135.337.7006
74,770.432.1504
214,572.301.5725
864,153-814-1412
837,107.803.2368
103,401-055-0193
337,237.753.5274
657,212.282.9025
475,525-558-9405
135,647.838.6867
213,355.945.6722
683,994-640-5176
263,837.450.1911
202,743.770.8684
126,990.099.8607
485,837.751.4068
443,538.637.9647
578,608.499.8609
436,953.457.4849
588,474-285-5256
322,835-858-0696
23,887.280.2728
283,965.846.6273
533,589.418.9650
651,198-374-5036
86,308-978-8089
23,189-737-8056
269,785-497-6389
954,792.366.4556
584,363.706.7108
284,200-195-6705
254,948.659.1157
537,606-544-9491
726,708.201.6800
343,406.035.5889
386,624-815-1085
442,862.799.6765
535,199.489.0998
353,411.723.7991
393,823.217.4772
274,294-288-1789
376,586.138.5647
664,407-668-9224
929,991-604-2431
91,549-401-3563
199,248-666-7206
361,590.577.9132
142,642-953-3264
471,279.308.8082
784,344.921.9862
445,797-424-0577
397,792.034.6354
489,566-961-8046
607,637-764-1208
430,198.091.3054
115,629.132.6082
420,754.214.3794
855,502-112-2054
646,498.941.7964
345,968.706.7048
926,727.676.5626
398,947.844.0505
773,464-852-0366
182,618-845-6620
136,956.354.8689
760,262.866.6799
601,765-551-2087
302,189-031-0556
988,217-562-4610
204,248-553-0560
372,902-633-1796
418,977.522.7990
471,316-902-1464
666,797-421-8948
611,267-497-5456
675,308-804-9650
671,605-995-9208
123,386-329-3681
205,930-948-2945
769,862-621-2380
534,451-147-3666
199,284.079.1386
572,870-687-0617
969,422.030.6163
669,475-730-7625
716,753-369-6599
955,127.118.4380
990,204.051.4342
22,603.015.0439
639,275.145.9600
297,547.736.0408
826,123.153.9660
223,149.950.5878
685,100.860.9324
578,618-641-7769
286,704.379.6951
1,957.696.7152
593,953.934.2828
612,472.427.7113
309,616-424-5602
322,427.594.8711
272,210-355-4764
700,783-029-3774
542,342.342.2916
257,795.162.8878
573,505-262-5265
104,842.968.6775
30,191.356.6809
654,313-826-0485
439,482-722-4400
555,190-451-3687
454,221.521.0872
599,675-850-0912
75,200.057.6485
198,583-413-1800
25,697-040-8908
487,914.341.0012
886,410.694.7515
65,386.801.7674
93,193.444.3212
194,356-287-5146
223,518.522.1045
953,956.622.9921
223,968.775.9899
930,878-860-6543
540,863-603-9034
436,963-017-7371
826,754.996.1578
608,254.173.8400
881,756-328-5032
60,950-589-3248
751,991.117.0067
331,420.166.7867
33,994-448-1876
891,209-996-6315
576,992.787.7660
659,119-273-4664
243,216.817.4322
150,448.889.4561
318,593.034.3289
470,363-346-9064
217,152-599-6724
347,374.937.9079
391,134-398-9905
503,650-074-8349
750,697-360-3808
365,560.203.7720
385,312-718-8653
428,196.326.7304
674,868-674-0921
627,958-184-2607
656,294-021-8642
422,936.471.1806
122,133-658-2090
423,805.885.3758
940,987.641.0997
637,476-196-5321
104,353.112.1495
823,212.761.6512
87,682-017-5599
618,628-682-2536
243,156.362.4540
48,740-707-7068
147,641-563-1189
762,713.846.7387
626,196.418.4200
666,767-241-8985
305,629.511.5660
451,441-456-3964
782,474-854-2752
161,152.622.2156
215,931-322-5031
241,295-984-0238
737,678-771-9577
182,841-940-7777
412,656.450.0188
807,718-612-3800
561,139.114.6036
778,752.242.4007
833,341-069-8491
107,327-278-1982
775,129.395.0798
564,964-089-6583
310,154-746-1718
763,523.677.8938
764,625.344.5790
979,456.509.6181
212,163.185.0371
932,677-219-0218
203,924-079-5549
586,175.186.5946
772,378-578-8682
153,970.300.3509
838,281-238-3950
98,562.986.4381
414,521.028.3764
524,789.384.5905
96,912-491-9142
951,400-633-6866
340,964.034.7104
192,525-610-6481
875,527-562-2229
28,601.061.5757
927,737.139.7570
888,813.637.8306
681,970-405-0104
881,726.469.0117
601,294-276-3285
387,130-921-3509
437,841-859-9036
192,730.377.4963
476,659-323-7710
472,886.493.4408
872,923.232.0940
447,958-406-5818
270,387-016-7512
448,128.257.3369
379,872.091.7852
691,492-605-8298
982,827.468.0427
288,269-620-9658
897,109.960.8270
749,951.201.4068
935,141.581.6669
675,458.421.5223
927,905-072-6821
338,698-940-2703
644,505-154-4358
10,520.084.4107
395,290.831.2581
818,159.765.4429
614,920-189-8477
619,366.732.4563
803,544.606.2513
798,578-131-4029
638,260.207.1698
733,368-185-5727
771,260.303.0817
167,634.327.3892
141,824.812.3211
582,610-450-1024
107,976.128.7281
937,507.039.2217
767,866-397-1959
707,289.875.5713
443,649-909-8297
634,836.331.2252
50,613-518-1696
439,358-202-0324
22,869-877-5380
609,861.326.8871
813,873.507.5467
645,455-704-6573
299,492-788-3220
661,801-874-0685
372,162.060.1628
207,695.875.0928
372,405-564-4347
225,514.310.5633
871,950-540-2302
684,344.207.5864
144,560-220-7040
839,343.624.7621
942,229.511.3735
359,800.353.3300
932,648.097.9699
977,696.250.4089
682,476-214-8661
38,400.921.4180
573,563-307-9485
126,724-719-8619
814,124-664-5125
40,859.901.4082
598,140-688-6286
395,716-306-8077
320,788-219-3994
390,404-461-1179
777,168.398.1371
14,264.337.2099
300,714-788-5702
634,796-063-7563
742,269.949.4755
452,721.917.0895
234,629-511-7497
916,306-422-1254
523,294-625-9525
897,821-938-3115
356,164.039.9940
826,803.446.5981
596,196-932-1934
517,691-793-2610
547,994-097-2201
671,292-464-3638
624,906.999.3703
207,125.311.5143
238,912-467-6399
914,437-312-5968
715,199.814.8630
93,659-220-5179
38,303.634.8778
85,312-490-3483
488,797.524.4545
755,464.075.8952
120,219.168.7906
468,815.110.5969
299,577.947.2915
821,357-191-9200
974,642-037-1507
87,722-592-8630
922,482-101-7531
873,102.682.8660
304,690.771.2113
885,885.192.8889
968,182-507-6889
359,687.089.4451
678,515.096.7220
269,268.209.9007
21,296-580-0926
466,439-659-0893
70,334-397-2651
494,468-443-2874
86,743-431-7606
527,186-395-8753
429,693-263-9634
347,129-830-2694
170,470-661-0586
903,116-381-3262
972,567-802-0634
833,303-364-7357
838,514-865-3966
736,524-054-2073
671,621.160.6587
831,418.945.2733
145,227-922-5227
71,316-754-7198
484,928-988-5429
977,444.321.8505
737,296-700-5887
789,945.305.0625
380,807.241.4866
49,692.525.2382
292,429.760.1908
6,228-284-4321
615,898.537.4339
870,960-008-7914
417,835-044-2530
540,317.709.7585
929,468-012-8829
213,968-715-0394
533,333.666.1398
201,456.550.5683
296,757-900-8147
633,455.132.0371
103,927.421.3091
169,586.778.3367
627,453.343.7864
430,116.982.3434
228,552-634-4067
108,483.391.9142
232,759.844.7988
893,644-711-7722
170,807.768.6575
164,918-416-3009
971,294-164-6791
671,526.428.7095
527,672.848.0065
990,478-431-9223
116,652.134.7802
444,507.450.9932
383,889-543-8773
609,248.658.3929
672,210-941-2552
421,616.528.0507
951,924-991-8999
311,916-579-7548
215,392.048.3384
802,752-273-1381
688,702-828-8781
93,346-039-4190
483,637.055.2022
291,756.289.0947
67,759.503.3196
413,785-576-3728
836,554-907-3761
144,451-868-5291
358,192.483.9186
356,436-821-1084
788,416-174-4115
111,871.212.4269
942,377.493.9386
525,974.240.2942
431,313-771-6599
496,894.826.3011
162,623-841-5335
787,774.396.0631
169,586-818-3754
592,520.447.4024
578,435-452-3403
829,640-292-5957
608,557-245-6930
159,187.653.7705
383,730.656.8097
761,168.566.2053
180,802-235-4595
970,468.779.1934
706,760.336.1585
101,305-450-0797
924,986.574.8826
267,511-918-7587
792,233.408.6721
945,420-854-7372
319,185.818.2829
285,435-740-0199
720,975-181-9967
577,816-649-8393
76,426.680.5315
186,726-174-1072
26,874.137.3464
718,863-956-5588
673,206.505.8206
510,515-383-9032
1000,583-157-2428
454,243.597.2906
166,494.995.3480
187,503-508-2339
434,544.088.9016
35,512.545.0558
582,548.106.2869
546,283.951.5261
640,396.094.3417
471,896-130-9680
456,180.706.7254
267,483-431-8505
251,928.451.2738
810,194-687-1794
960,222.337.9948
161,782-649-7084
618,986-923-3212
415,993-309-4099
438,894.755.2528
856,980-919-3207
274,118-405-1398
388,899.568.6674
107,791.405.3051
502,508.322.5994
323,127-739-3020
698,294.220.3344
610,805.312.5125
449,648.943.9796
457,873.522.4585
280,314.944.2237
191,262.091.7803
329,523.898.0568
538,798-936-8896
265,125-121-1533
271,443.663.2897
67,891-197-1361
403,711-443-7128
733,532.050.2588
417,294-851-4049
221,507-222-2328
209,236-216-4773
128,354.815.0155
298,181-900-8705
748,156.421.8879
243,427-457-5256
968,700-867-1820
303,957.795.2974
818,449.407.5353
284,299.827.6621
35,497-092-7805
664,293-680-3369
134,389.213.3668
989,615-196-7202
404,617.612.8770
327,505-672-4572
174,793-822-5552
650,978-314-4870
839,206-079-3139
22,229-067-1896
635,918.539.2890
585,522.313.3363
10,914-636-1370
308,523.762.8055
41,469-768-6970
88,788-089-9371
332,877-726-1622
152,609.324.8502
745,554.019.4013
219,590-284-3456
122,744.708.4398
721,547-087-9122
58,675.431.0582
276,752.655.7064
505,556.216.0769
190,145.878.4268
663,168.566.8327
49,913-663-0202
74,901-482-6846
590,938-554-7647
327,661-383-5713
629,275.792.7262
602,468-480-8739
667,326.910.5558
537,576.945.2058
518,790-002-9439
611,983.335.2676
342,474-715-1572
301,158-056-3657
182,550.743.2865
250,763-706-0075
235,264.399.7986
917,960-467-5250
682,354-200-3153
189,359.919.5181
559,965-191-5401
933,744-332-4734
743,243.079.7673
534,882.664.8119
133,368.411.5387
568,600-786-7916
46,114-195-9539
394,311.616.7265
221,497-085-1225
190,259.759.5612
915,445.410.8600
167,448-599-4076
625,428.593.1013
682,705.113.5228
872,884-761-5771
148,757-822-6641
311,222-455-0370
407,771-532-0687
906,300-443-6406
953,876.055.0370
525,851-463-2401
292,315-482-2127
535,587-118-2864
226,386-652-1061
536,226-594-4134
49,207-932-1679
3,174.379.6028
996,980-916-9733
315,602.884.5562
912,933.708.2671
803,709-757-9572
47,163.107.1816
775,459-585-4053
931,557.796.1605
790,708.856.3810
512,273-154-5020
620,234-185-5919
25,526.367.7556
542,654.468.3627
933,602.266.2796
391,440.500.5109
143,640-568-5649
604,280-290-3150
892,501.744.6799
651,718.410.0904
988,269.351.8841
458,311.927.9146
386,402.710.6418
319,863.331.4352
573,924.230.0677
345,239.317.0363
535,915-334-2935
544,845.120.0941
517,309.971.6073
440,692.612.2254
613,879-786-0208
604,617.034.3460
884,172-294-4985
642,468-830-6308
764,228.275.0039
660,175-064-2799
928,159-985-9488
840,597-363-5845
936,359-693-3595
926,445.920.0730
39,403-957-2993
44,280-386-8235
164,210.294.5846
918,825.523.3549
731,236.794.6687
168,242.089.4685
284,956-524-8316
753,214.675.9131
871,542.041.4714
806,564.968.0579
362,310-375-8953
184,126-547-1668
274,481.694.1185
56,545.113.0860
44,228-684-4475
565,338.892.2469
720,914.768.3300
415,278-941-2579
9,214.632.4374
473,750.731.5904
223,586-538-6648
459,531-424-1251
975,105.911.2998
21,836-069-1792
505,887-779-6322
433,130.067.5030
726,195.043.0941
661,762-405-4251
632,682.479.4384
466,766.477.7452
104,307-660-4764
720,859.270.8365
655,543-728-6535
512,531.628.3276
825,113-882-8107
8,882-794-8183
320,258.368.9806
273,179.476.7219
550,486.127.9071
375,434.217.0723
588,785.723.1258
153,360-181-3423
407,431.052.7838
717,482.912.7475
887,560-845-0172
820,105-156-5353
487,951.699.8116
842,994-207-2266
382,686-995-8377
237,570.710.8834
745,244.546.1490
58,203-052-0749
803,652.810.6997
779,450-586-3345
164,121.504.2337
807,779.221.6586
415,860.078.7704
709,185.916.8647
922,570.582.2048
617,327.169.6126
692,643-448-1468
230,253-977-5954
100,832.993.1500
979,365.003.0343
551,220-402-4174
552,639.817.1691
831,391.002.1028
498,429-419-0565
279,953.909.5995
949,502-727-3303
900,382-818-4475
878,260.341.6148
839,645-267-7440
843,802.569.5000
163,154.478.1380
772,404.594.0979
179,964-123-7785
966,271.686.2879
134,546.087.4611
741,474-931-3762
325,728.259.6410
298,374.320.7689
193,840.749.2136
294,720.597.9063
366,828.864.3285
318,206.311.9103
419,718.331.5221
848,981.377.6363
200,316.516.5162
364,319.482.3754
319,444.232.1383
869,512.632.5531
526,987-988-7483
179,833-177-1271
326,380.440.8178
271,589-203-6024
55,189-342-5386
735,922.278.9534
883,323.859.2443
617,400.675.6411
692,953-995-8587
510,274.947.8564
686,943.945.9734
863,192-575-8245
108,301.870.5653
56,315.231.9081
630,443.022.0643
40,298-743-7219
550,645-199-7744
139,261.743.8952
601,595.979.4260
457,950.279.9251
373,209.160.0804
513,349-519-6929
84,882.594.5864
187,783.106.1188
865,602-906-8449
711,391.817.2608
941,684.549.6506
478,302.019.4085
84,111.823.1111
705,510-406-1731
517,919.256.7834
992,641-804-3531
749,400-974-8322
129,517-582-3221
579,947-776-4770
94,460-009-6462
207,272.058.3761
164,372.329.5384
819,910.222.1337
494,309.426.4205
479,982.879.2660
819,871.333.2742
102,809-120-7789
358,219-712-2178
142,593-298-7887
653,516-938-5585
31,519-355-6589
67,683.062.8016
145,175.761.3345
782,267-155-9978
865,756-705-7555
893,906-498-2231
994,158-086-3301
339,814-146-2580
534,784.125.4640
612,141.921.8956
67,615.435.9446
956,409.667.5316
6,397-608-6767
202,592-158-4836
65,146.077.3950
32,140.463.3398
471,674.146.2282
325,153-583-2487
949,846-289-5252
637,773.918.7403
497,197.116.3636
471,387.041.9827
839,782-787-7340
989,440-771-5723
183,651.081.4581
214,535-850-6694
928,510.722.1797
343,478-583-0135
763,556-489-3747
627,900.891.0713
417,247.501.3473
32,872-812-5317
146,302-824-1034
303,134-968-2514
753,962-638-4542
345,942.303.7914
335,751.453.6948
915,725.417.9702
702,569-933-0937
96,846-380-9738
663,138-461-9469
18,160-239-3067
84,655-068-0254
60,171.326.5381
231,829-895-3496
440,328-607-9946
321,293-793-4632
136,610-987-1803
136,554-191-2636
715,930-141-4771
199,684.523.9814
301,928-087-2590
160,769-079-9787
254,328.142.3988
864,201.182.3522
166,241.143.1173
518,779-020-8869
752,760-453-5342
714,907.455.1047
817,504-610-2476
805,564.161.8926
924,565-885-3827
159,996-108-1660
925,318-478-0215
979,208-938-2449
216,426.885.3626
35,613-683-1633
923,389-555-0816
683,210-799-7720
21,484-305-0295
390,621.040.6101
685,414.263.5699
444,636-615-7892
629,235-387-1313
548,194.047.4840
957,330-568-5308
666,402.991.5980
683,368.205.2284
767,139-239-6642
543,172.125.3916
110,102-429-0001
178,146.602.2174
553,573.457.3791
327,293-286-2485
295,838-031-6384
530,424-418-7463
660,716-530-7913
104,651-576-1070
973,913.694.3104
403,212.832.9368
853,221.107.4781
243,224.428.8847
110,524-597-2289
683,105.240.9157
935,440-761-4463
17,936.962.7988
157,953.127.4755
663,607.344.6966
570,119.268.1397
514,392-950-3795
978,613-912-3445
610,924-147-7708
451,739.529.5396
10,951-741-0681
604,850.913.8740
118,293-598-5666
904,855.509.0004
500,684-696-6444
147,824.062.6363
489,701.182.9880
900,357-586-6574
605,120.929.6699
274,760.031.5936
758,733.735.8357
878,753.752.0196
726,758.690.1596
699,489-429-4278
16,405-135-0833
659,730.102.8539
75,993-519-3696
803,990-712-0882
630,328.494.2300
919,739.862.1625
317,713.082.3727
177,280-717-4410
806,247-385-0993
599,289.510.2957
813,429-528-0126
202,351.848.5724
55,543.230.7806
764,540.678.5627
141,665-463-2048
536,153-359-3705
990,162-344-2437
35,242.710.9126
458,325.635.0116
64,440-958-2481
339,952.415.3089
591,504-955-4515
575,339.822.5358
389,786-266-0113
59,320-070-0912
974,110-474-8028
431,315.259.5330
874,912-287-3462
390,593.385.4651
921,475-019-9487
213,944-858-6451
466,395-735-5808
299,435.714.9609
142,403.646.4554
316,189.214.8207
833,822.006.2254
228,659.969.5866
180,432-007-5184
970,642.866.7296
723,797.243.0027
212,772-012-1916
249,485-518-0026
26,147-290-2862
494,893.663.7184
883,129-657-9421
789,527.764.7262
650,559.125.4829
149,843.201.8919
82,319.806.6329
366,410-155-4667
82,776-894-5009
350,454-146-9505
571,435-529-0953
