student_id,subject_id,percentage
1,476,70
1,165,73
1,168,36
1,150,75
1,252,47
1,446,76
2,438,79
2,659,76
2,266,74
2,168,41
2,150,88
2,507,59
3,498,93
3,150,77
3,165,80
4,279,72
4,525,80
4,930,50
4,498,26
4,506,85
4,659,72
4,130,45
5,402,39
5,396,74
5,930,70
5,344,81
5,266,59
5,525,82
5,701,84
6,777,27
6,737,82
6,959,82
6,446,71
6,498,75
6,699,42
6,252,85
7,750,85
7,525,73
7,737,92
7,150,63
7,168,48
7,464,71
7,438,96
8,959,82
8,498,78
8,396,90
9,526,72
9,130,96
9,786,35
9,671,76
9,464,75
9,396,42
9,507,79
10,464,77
10,396,80
10,446,27
10,356,76
10,659,75
10,138,63
10,777,30
11,150,74
11,356,82
11,671,31
11,864,82
11,659,77
11,507,82
12,356,61
12,699,64
13,841,75
13,526,72
13,864,89
13,930,71
13,356,33
13,507,63
14,659,70
14,446,82
14,232,80
14,476,75
14,402,82
14,279,83
15,396,100
15,786,70
15,959,70
15,960,75
15,506,79
16,857,51
16,750,61
16,864,43
16,701,36
17,930,73
17,502,85
18,506,76
18,930,51
18,525,77
18,959,70
18,414,49
18,498,82
19,777,73
19,699,75
20,864,83
20,930,25
21,930,45
21,699,79
21,252,43
21,279,96
21,476,72
22,841,81
22,266,81
22,138,79
23,165,71
23,525,32
23,777,75
23,476,79
23,526,84
23,659,72
24,232,36
24,526,68
24,525,79
24,157,77
24,921,85
25,699,84
25,750,33
25,498,86
25,786,93
25,414,81
26,786,21
26,194,73
27,396,57
27,750,74
27,507,81
28,930,30
28,150,79
28,699,46
28,502,52
28,750,81
28,232,77
28,396,61
29,525,62
29,959,85
29,857,54
29,344,70
29,671,78
30,671,43
30,446,85
30,438,73
30,864,83
30,402,21
30,502,100
31,502,82
31,464,71
31,864,76
31,157,71
31,507,96
32,232,40
32,476,83
32,857,74
33,671,72
33,498,52
33,502,35
33,165,73
34,279,44
34,446,94
35,130,70
35,959,89
36,414,68
36,498,82
36,659,77
36,356,79
37,507,22
37,168,82
38,414,75
38,659,67
38,438,80
38,266,70
38,130,27
39,138,24
39,841,81
39,506,99
39,252,28
39,526,32
39,344,82
40,130,28
40,150,89
41,737,88
41,502,81
41,498,76
41,279,57
41,476,63
41,356,80
42,857,94
42,841,75
42,960,68
42,402,32
42,671,78
42,396,83
42,138,42
43,502,76
43,356,90
43,344,78
43,414,33
43,266,46
43,699,50
44,414,71
44,396,66
44,864,76
44,438,53
45,414,71
45,959,97
45,396,92
45,777,80
45,750,62
46,402,70
46,396,76
46,699,76
46,356,78
47,157,23
47,750,84
48,737,77
48,498,33
48,864,88
48,750,84
48,194,42
49,498,75
49,502,52
49,414,51
49,476,99
49,138,38
50,701,82
50,498,69
51,959,24
51,659,75
51,279,49
51,737,71
51,194,70
52,960,81
52,476,76
52,157,83
52,165,62
52,266,75
53,414,83
53,921,75
53,777,72
54,777,30
54,194,23
54,750,80
54,930,85
54,165,82
55,777,89
55,266,82
55,701,61
56,498,85
56,446,71
56,464,69
56,157,71
56,777,71
56,502,57
56,921,41
57,960,76
57,921,48
58,194,91
58,498,76
58,252,53
58,168,76
59,464,71
59,786,79
59,921,83
59,438,62
59,750,73
60,786,51
60,701,85
60,168,48
61,841,33
61,502,30
61,930,22
62,659,74
62,402,44
62,498,70
62,507,84
63,344,45
63,476,84
63,279,83
63,506,46
63,464,85
64,701,85
64,194,73
64,157,86
64,857,72
64,525,75
65,130,82
65,525,84
65,921,80
65,464,76
66,526,87
66,864,25
66,960,59
66,168,76
66,232,22
66,138,25
66,279,75
67,194,70
67,777,28
67,864,59
67,502,85
67,252,24
67,266,34
68,921,48
68,506,77
68,402,66
68,930,84
68,959,26
69,150,65
69,506,53
70,786,72
70,150,78
70,438,83
70,659,80
70,930,87
70,701,89
70,344,70
71,777,78
71,786,83
71,165,77
72,438,70
72,864,79
72,857,91
73,864,74
73,699,57
73,438,83
73,157,87
73,960,81
73,266,65
74,921,60
74,476,84
75,446,26
75,857,53
75,507,69
76,737,41
76,930,85
76,507,29
76,165,46
76,402,45
76,841,100
76,671,79
77,750,74
77,506,47
77,786,81
78,699,38
78,507,59
78,344,82
78,737,72
78,138,82
79,414,29
79,506,29
79,464,97
79,232,76
79,777,74
80,438,25
80,526,40
80,165,59
80,777,68
80,356,75
80,476,81
80,750,84
81,446,84
81,930,56
81,777,95
81,232,72
81,750,84
81,165,76
81,502,48
82,279,85
82,464,69
83,279,25
83,864,35
83,157,75
83,168,71
83,138,31
83,502,74
84,750,76
84,130,84
84,864,79
84,786,82
84,506,72
84,659,89
85,464,75
85,507,74
85,864,25
85,414,79
86,857,66
86,671,31
86,464,69
87,168,26
87,841,79
87,960,78
87,446,60
87,165,72
88,150,79
88,737,82
88,959,84
88,930,85
88,168,96
88,960,75
89,165,68
89,438,97
89,130,74
89,194,72
90,502,91
90,476,75
90,498,72
91,232,85
91,396,63
91,857,81
91,525,30
91,476,83
91,446,83
91,138,85
92,737,64
92,701,85
92,498,77
92,930,40
92,507,72
92,464,87
92,344,62
93,507,73
93,659,70
93,841,83
94,786,28
94,525,40
94,659,85
94,252,85
94,841,40
95,507,53
95,232,70
95,414,39
95,699,52
95,525,95
96,864,79
96,737,64
96,138,73
97,130,22
97,671,77
98,232,53
98,446,73
98,699,85
98,507,82
98,438,70
98,498,64
99,464,66
99,344,76
99,138,23
99,498,73
99,659,73
99,279,31
100,921,79
100,232,36
100,476,45
100,165,75
100,138,79
100,750,75
101,525,79
101,506,82
101,659,46
101,857,61
102,921,73
102,402,79
102,525,65
102,194,76
102,356,85
102,252,83
102,464,81
103,168,48
103,506,82
104,701,84
104,525,41
104,464,72
104,138,77
104,414,76
105,464,76
105,699,70
105,960,30
105,266,79
105,864,71
105,446,49
105,438,71
106,168,90
106,526,80
106,857,72
106,130,84
107,930,93
107,356,69
107,786,70
108,438,56
108,857,46
109,921,78
109,750,72
109,737,73
109,252,26
109,777,94
110,279,32
110,507,50
110,864,83
110,464,35
110,750,73
110,506,77
110,266,72
111,507,70
111,402,34
111,168,47
111,446,73
111,414,83
111,138,30
111,864,87
112,701,42
112,699,84
112,396,61
112,960,100
112,252,81
113,232,80
113,402,71
113,671,54
114,396,70
114,921,98
114,960,71
114,464,45
115,959,73
115,232,52
115,252,84
115,157,26
115,960,93
116,737,82
116,438,63
116,864,73
116,266,80
116,498,31
116,414,47
117,194,20
117,841,70
117,930,36
117,750,74
118,414,71
118,194,92
119,157,20
119,252,82
119,356,82
119,150,84
119,138,75
120,750,72
120,130,85
120,476,80
120,232,84
121,737,61
121,157,72
121,402,85
121,959,74
122,344,75
122,921,59
122,699,77
122,157,77
122,252,47
123,786,84
123,476,20
124,959,55
124,138,94
124,750,53
124,194,76
125,438,92
125,701,83
126,786,62
126,777,76
126,671,66
126,232,43
127,786,82
127,659,74
127,498,31
127,507,81
127,279,70
127,960,83
127,921,82
128,344,56
128,252,81
128,464,71
129,786,74
129,701,85
129,130,67
129,252,81
129,438,38
130,525,72
130,130,98
130,168,81
130,857,25
131,232,73
131,701,78
131,864,83
131,138,70
131,699,78
131,396,72
131,402,72
132,157,41
132,168,81
132,959,73
132,737,94
132,252,43
132,786,73
133,699,28
133,232,30
133,130,83
133,138,99
133,396,74
134,960,72
134,356,78
134,777,63
134,130,59
134,525,70
135,786,28
135,737,82
135,266,35
136,671,78
136,476,85
136,506,76
136,138,84
137,344,79
137,659,85
138,402,62
138,737,79
138,864,79
139,857,99
139,266,26
140,864,74
140,165,82
140,438,80
140,194,92
140,841,72
140,960,82
141,921,73
141,438,70
141,165,20
142,506,85
142,921,46
142,502,35
142,402,58
142,396,90
143,525,77
143,960,22
143,168,84
143,701,21
143,864,20
143,138,91
144,266,85
144,464,56
145,138,39
145,266,91
145,659,44
145,168,78
145,921,21
145,930,48
146,396,39
146,165,79
146,671,100
146,157,78
147,671,73
147,279,66
148,841,71
148,396,83
148,414,72
148,526,62
149,130,81
149,344,76
149,777,63
149,266,54
149,671,78
150,507,46
150,396,86
150,786,81
150,194,82
151,402,81
151,266,78
151,157,69
151,671,52
152,232,81
152,150,60
153,414,21
153,402,77
153,786,49
153,266,50
154,737,84
154,506,73
154,414,27
154,526,70
154,396,71
154,130,74
154,266,53
155,737,74
155,671,81
156,150,73
156,525,72
156,138,21
157,344,83
157,130,82
157,165,82
158,138,56
158,438,83
158,507,67
159,786,53
159,506,100
159,699,42
159,659,30
159,476,94
159,502,21
159,138,37
160,701,94
160,344,89
160,356,76
161,507,70
161,232,73
161,168,33
162,930,39
162,498,70
162,438,53
162,266,73
162,857,42
162,279,71
162,786,83
163,138,61
163,464,74
163,498,70
163,921,74
163,414,94
164,157,76
164,750,49
165,507,85
165,138,20
165,659,78
166,157,73
166,150,67
167,864,77
167,959,80
167,138,76
167,786,74
167,526,73
167,165,59
168,266,23
168,498,79
168,446,75
168,864,57
168,777,53
168,414,71
169,414,72
169,438,28
169,279,77
169,130,29
169,252,80
170,699,73
170,737,76
170,252,71
171,659,74
171,157,51
172,279,77
172,502,53
172,130,79
172,356,84
172,786,84
173,168,45
173,525,73
173,959,87
173,699,84
173,464,83
174,857,70
174,464,71
174,921,81
174,737,72
175,525,77
175,506,27
175,671,73
175,252,89
175,777,56
175,507,70
176,130,60
176,777,81
176,396,68
176,232,49
177,165,68
177,344,70
177,438,80
177,446,93
177,959,63
177,750,46
177,168,84
178,506,80
178,157,72
179,526,62
179,446,71
179,960,63
179,138,65
179,194,82
180,857,61
180,150,76
180,701,72
180,446,62
180,921,53
180,959,85
181,701,48
181,959,74
182,476,84
182,130,48
183,507,32
183,526,31
183,737,59
183,960,71
183,777,92
184,464,76
184,777,71
184,526,72
184,498,41
185,959,74
185,699,58
185,502,80
185,165,65
185,396,82
186,671,22
186,150,26
186,396,21
187,921,83
187,777,87
187,438,83
188,659,81
188,750,60
188,786,84
188,438,73
188,737,55
188,525,73
189,526,71
189,525,36
189,356,93
189,396,91
189,157,87
189,266,54
189,232,83
190,959,76
190,498,70
190,960,75
190,279,67
190,438,79
190,750,24
191,659,43
191,402,93
192,194,73
192,659,84
192,157,40
192,841,60
192,138,72
192,232,76
192,498,96
193,266,79
193,279,47
194,232,77
194,507,73
194,165,25
195,502,83
195,279,73
196,464,82
196,414,72
196,150,75
196,857,70
197,402,63
197,786,73
197,507,68
197,498,78
198,266,78
198,476,75
198,232,100
199,864,40
199,786,64
200,959,85
200,525,68
200,930,83
200,232,84
201,699,83
201,959,58
201,841,84
201,356,24
201,960,70
201,525,77
201,232,70
202,502,81
202,165,84
202,750,26
202,414,77
203,959,72
203,960,79
203,464,47
203,138,70
204,464,78
204,701,51
204,279,77
204,699,94
204,777,82
205,446,81
205,402,84
205,502,78
206,402,32
206,699,70
206,168,82
206,921,83
207,130,77
207,959,75
208,525,41
208,279,78
208,356,76
208,857,81
208,396,72
208,671,21
208,150,83
209,438,40
209,841,36
209,356,89
210,671,83
210,857,36
210,506,22
210,507,75
210,168,85
210,232,81
211,157,77
211,498,77
211,414,52
212,777,99
212,279,81
212,659,87
212,506,77
213,737,80
213,502,83
213,525,70
213,356,75
213,750,84
214,506,75
214,138,81
215,502,70
215,526,78
216,498,95
216,252,75
216,777,51
216,165,77
217,402,83
217,232,83
217,194,55
217,841,78
217,659,51
218,165,58
218,525,73
218,498,35
218,671,78
219,252,40
219,138,81
219,750,74
219,699,81
219,344,53
219,507,79
219,150,82
220,266,95
220,930,73
220,396,25
220,857,93
221,737,24
221,476,83
221,507,77
221,194,72
221,438,54
221,150,73
221,130,77
222,138,82
222,402,72
222,464,80
222,701,82
223,356,35
223,786,68
223,525,54
224,786,83
224,498,70
224,476,84
224,659,85
224,737,37
225,464,23
225,750,75
225,960,84
225,737,80
225,476,73
225,959,71
226,168,70
226,659,74
227,138,97
227,525,53
227,168,49
227,506,77
227,194,78
227,150,75
228,266,52
228,396,97
228,507,38
228,252,62
228,344,66
228,168,71
229,157,66
229,438,85
229,525,57
229,414,82
229,498,83
230,864,46
230,402,71
230,232,77
230,138,74
230,344,46
230,279,76
231,959,79
231,659,84
231,344,82
231,402,45
231,150,23
231,960,73
231,279,78
232,157,85
232,232,80
233,659,76
233,446,81
233,165,84
233,252,75
233,526,78
234,786,76
234,150,79
234,446,52
235,659,77
235,279,74
235,157,77
235,396,72
235,402,83
235,165,49
235,699,75
236,526,74
236,506,76
236,446,76
237,252,70
237,777,79
237,266,71
237,737,49
237,194,67
237,279,79
237,507,72
238,506,74
238,130,33
238,841,85
238,476,57
238,252,70
238,864,97
239,525,75
239,344,84
239,279,81
239,921,97
240,921,38
240,737,72
240,168,68
240,356,77
241,356,59
241,266,71
242,446,85
242,750,77
242,266,80
242,344,20
242,507,43
242,130,70
242,396,45
243,960,26
243,194,58
243,168,75
244,959,98
244,525,85
244,699,82
244,396,74
244,344,77
245,157,76
245,464,64
246,138,86
246,786,81
246,157,32
246,737,83
246,507,87
246,864,100
246,402,80
247,476,74
247,464,42
247,165,34
248,857,54
248,476,75
248,930,61
249,507,84
249,750,79
249,438,78
249,464,75
249,194,75
250,402,70
250,507,21
250,165,72
250,476,63
250,659,78
250,525,47
251,138,82
251,506,59
251,498,71
252,502,49
252,671,96
252,165,30
253,165,92
253,921,74
253,396,78
253,699,77
253,356,73
253,446,85
253,252,74
254,750,75
254,857,72
254,921,71
254,344,48
254,507,24
254,138,85
255,266,46
255,402,85
255,279,76
256,130,81
256,786,86
256,446,70
257,777,73
257,252,51
257,150,83
258,476,70
258,464,82
258,446,74
258,921,82
259,921,72
259,279,75
259,130,76
260,921,82
260,750,77
260,157,100
260,506,73
260,130,85
260,671,65
260,464,78
261,786,51
261,506,88
261,138,72
262,498,96
262,671,80
262,150,84
262,232,79
263,701,75
263,930,70
263,446,46
264,921,76
264,960,38
264,157,58
264,526,42
264,476,79
265,671,33
265,476,60
265,737,75
265,446,74
266,438,80
266,525,74
266,194,81
266,671,77
266,402,66
266,414,85
266,930,83
267,476,47
267,396,82
267,502,79
267,864,82
268,476,91
268,168,39
268,402,77
268,921,80
269,476,83
269,699,34
269,498,67
270,130,84
270,701,81
270,438,33
270,279,79
271,279,92
271,157,72
271,356,81
271,498,39
272,777,82
272,671,85
272,526,46
272,857,65
272,396,76
273,786,47
273,671,95
273,232,72
273,701,32
273,750,77
273,857,79
274,232,34
274,671,78
274,857,85
274,737,84
274,165,85
275,476,79
275,786,48
275,930,71
275,921,68
276,438,75
276,750,75
276,150,40
276,414,33
276,498,86
277,232,83
277,659,52
278,130,40
278,959,88
278,396,70
278,960,78
278,438,96
278,165,80
278,194,73
279,930,40
279,344,79
279,232,23
280,168,74
280,232,27
280,864,70
280,476,79
281,165,28
281,279,75
281,476,70
281,930,32
281,266,81
282,165,75
282,525,58
282,402,70
282,498,35
282,356,44
282,438,81
283,526,60
283,502,83
283,960,32
283,279,100
283,737,87
283,464,72
284,526,83
284,502,39
284,194,79
284,446,82
284,750,84
284,507,58
284,356,75
285,659,74
285,960,80
285,464,20
285,857,71
285,502,82
286,671,85
286,194,76
287,279,84
287,476,60
288,438,80
288,750,85
288,659,70
288,168,62
288,232,70
288,356,48
288,786,77
289,701,50
289,526,52
289,737,42
289,438,53
289,699,77
290,750,70
290,701,62
290,438,34
290,841,46
291,498,55
291,502,45
291,959,73
291,194,81
291,130,93
291,168,77
291,266,41
292,414,80
292,786,49
292,130,83
292,279,83
293,699,28
293,841,78
294,921,25
294,194,34
294,464,40
295,165,78
295,502,48
295,841,86
295,252,40
295,959,82
295,750,71
296,446,75
296,344,82
296,921,94
296,864,70
296,438,87
297,506,80
297,959,75
297,476,31
297,344,70
297,502,74
297,498,66
297,701,45
298,150,85
298,506,77
298,279,71
298,864,73
299,165,71
299,356,27
299,194,91
299,414,85
299,476,79
300,960,83
300,930,62
300,414,71
300,857,84
300,786,73
300,168,76
301,498,21
301,525,75
301,252,21
301,671,61
301,959,50
302,526,72
302,138,38
303,659,78
303,150,23
303,507,71
303,168,71
304,344,80
304,130,84
304,279,75
304,671,70
304,396,55
305,396,82
305,165,79
305,194,44
305,438,25
306,157,35
306,507,76
306,525,76
307,507,73
307,232,47
308,476,74
308,138,29
308,659,82
308,438,47
309,252,74
309,150,98
309,344,41
309,659,82
310,150,75
310,526,52
310,921,72
310,168,32
311,344,50
311,701,75
312,502,85
312,507,75
312,960,73
312,930,87
312,344,72
312,464,72
312,157,73
313,526,86
313,194,93
313,232,98
314,526,76
314,464,80
314,446,56
314,507,73
314,525,79
315,857,73
315,464,83
315,777,83
315,138,85
315,701,80
315,168,46
315,506,64
316,138,63
316,921,70
316,402,45
316,150,71
317,502,70
317,446,73
318,194,62
318,659,49
318,130,58
318,750,85
318,438,78
319,750,97
319,777,79
319,671,71
319,921,75
319,252,73
319,344,35
319,526,97
320,356,48
320,506,77
320,737,89
320,498,62
320,507,88
320,960,70
321,507,74
321,506,79
321,138,73
321,737,81
322,525,74
322,960,76
323,266,77
323,502,91
323,438,67
323,130,83
323,525,41
323,165,67
323,701,84
324,864,70
324,841,62
324,396,76
324,157,57
324,930,71
324,356,48
325,921,85
325,438,74
325,960,82
325,130,73
326,168,73
326,671,83
326,786,79
326,498,99
326,507,85
326,194,78
326,130,81
327,525,79
327,130,80
327,699,45
327,671,81
327,356,74
328,402,39
328,194,72
328,165,84
328,130,96
329,165,94
329,959,73
329,699,74
330,232,76
330,252,80
331,168,77
331,921,63
332,279,70
332,502,26
332,699,66
332,446,89
332,464,71
333,344,76
333,232,45
333,165,83
333,671,74
333,396,73
333,168,83
333,464,76
334,930,84
334,402,83
334,130,99
334,476,78
335,356,93
335,138,49
336,960,72
336,699,81
336,414,84
336,157,55
336,150,74
337,396,94
337,960,70
337,414,79
337,959,84
337,165,74
338,737,84
338,506,70
338,266,51
339,476,83
339,526,26
339,157,84
339,959,86
340,266,84
340,864,23
340,356,81
340,498,73
340,786,78
341,699,61
341,150,96
341,279,78
341,857,51
341,446,44
341,252,73
342,438,72
342,150,74
342,921,70
342,699,80
342,841,78
342,194,36
343,857,32
343,446,57
343,737,50
343,671,73
344,737,93
344,138,83
345,232,85
345,344,40
345,194,77
345,476,74
345,786,85
345,526,81
345,699,26
346,786,84
346,507,92
346,671,63
346,750,26
346,266,80
346,356,65
346,168,72
347,402,97
347,737,76
348,356,75
348,168,38
349,699,84
349,396,74
349,438,71
349,252,74
350,252,74
350,701,20
350,786,66
350,194,81
351,960,27
351,165,67
352,138,72
352,438,83
352,921,82
352,786,87
352,525,84
352,526,49
353,232,39
353,921,73
353,960,92
353,356,80
353,930,83
353,507,79
354,841,72
354,507,71
354,356,87
354,396,40
354,699,83
354,857,79
355,438,47
355,857,94
355,157,75
355,699,82
356,921,74
356,414,73
356,150,76
356,402,82
356,841,80
357,232,75
357,252,79
357,506,77
357,857,22
357,138,99
357,476,84
358,150,77
358,750,97
359,921,76
359,526,87
359,356,73
359,150,73
359,506,56
359,138,79
360,168,82
360,464,89
361,157,70
361,659,83
361,507,60
362,786,77
362,402,72
362,168,59
363,165,77
363,526,75
363,864,70
363,841,26
363,960,34
363,157,41
364,414,76
364,506,89
364,671,75
364,659,79
364,737,71
364,279,78
365,279,71
365,701,85
365,960,75
365,344,76
366,194,80
366,414,73
366,498,79
366,232,75
366,525,75
367,777,82
367,930,76
367,864,95
367,699,67
368,446,73
368,777,40
368,701,75
368,266,80
368,659,42
369,701,57
369,921,59
370,502,37
370,266,70
370,130,78
370,414,56
370,737,82
370,786,21
371,138,78
371,701,74
372,786,71
372,130,84
372,526,81
372,921,73
372,476,73
373,168,70
373,506,91
373,344,77
374,464,24
374,150,26
374,266,75
374,232,93
374,777,22
375,266,72
375,701,85
375,841,77
375,930,74
375,864,64
376,157,83
376,266,84
376,857,57
377,864,60
377,402,71
377,671,66
377,841,82
377,701,20
377,344,60
377,506,28
378,506,47
378,699,23
378,168,83
379,960,84
379,168,74
379,157,35
379,438,82
379,138,84
380,446,92
380,701,25
380,671,71
380,165,70
381,502,73
381,402,72
381,701,83
381,507,79
381,396,51
381,476,63
381,157,28
382,701,75
382,194,64
382,737,91
382,165,43
382,150,31
383,476,75
383,777,44
383,157,91
383,279,82
383,737,82
383,344,28
384,138,85
384,165,63
384,701,24
384,130,73
384,438,84
385,526,63
385,464,44
385,841,33
385,402,70
385,446,84
385,502,34
385,194,77
386,446,74
386,502,83
386,525,80
386,659,80
387,959,95
387,396,32
387,168,77
388,921,97
388,476,59
388,750,81
388,252,56
389,168,42
389,841,72
390,476,70
390,506,73
390,960,70
390,344,32
390,438,25
390,252,81
391,841,68
391,959,79
391,194,59
391,960,84
391,252,81
391,446,45
391,266,85
392,864,72
392,507,55
392,959,49
392,165,78
393,438,84
393,786,86
393,138,65
393,960,75
393,414,82
393,130,75
393,659,76
394,438,38
394,344,82
394,841,27
394,356,78
394,414,83
394,506,69
394,857,82
395,960,76
395,857,85
395,659,93
395,786,42
396,507,58
396,266,74
397,232,76
397,502,82
397,659,86
397,498,27
397,921,99
397,671,26
398,841,79
398,921,74
398,138,34
398,194,74
398,959,78
399,498,80
399,841,85
399,150,73
399,701,53
399,252,84
399,864,78
400,464,80
400,507,98
401,138,82
401,165,85
401,857,70
401,402,80
401,252,78
402,671,72
402,356,69
402,921,95
402,138,60
402,777,70
403,150,80
403,506,83
403,402,81
404,138,80
404,157,78
405,507,42
405,165,88
405,396,89
405,356,96
405,701,95
405,921,52
406,960,77
406,438,85
406,446,81
407,841,39
407,737,69
407,777,61
407,150,84
408,279,87
408,165,74
409,786,89
409,266,71
409,699,84
409,921,37
409,959,32
409,279,73
409,777,71
410,506,45
410,414,72
410,841,75
410,138,73
410,130,92
410,168,81
410,502,73
411,194,42
411,864,78
412,157,95
412,464,75
412,446,27
412,786,30
412,506,43
413,438,90
413,498,80
414,150,77
414,737,63
414,526,80
414,446,85
414,194,75
414,786,72
415,130,75
415,252,84
416,356,39
416,194,96
416,525,72
416,699,80
417,194,32
417,502,39
417,279,57
417,737,72
417,165,84
418,464,39
418,194,76
418,701,24
419,344,71
419,750,81
419,777,84
419,737,81
419,194,86
419,930,82
420,438,80
420,138,58
420,750,84
420,786,90
420,232,70
421,194,86
421,438,79
422,507,72
422,130,25
422,750,77
422,476,90
422,930,76
423,930,77
423,526,29
423,194,72
423,266,74
423,777,62
424,786,79
424,194,55
424,130,31
424,701,70
425,344,48
425,699,28
425,130,79
425,438,51
426,507,84
426,671,75
426,150,82
426,168,50
426,786,78
427,498,20
427,525,81
427,777,71
427,266,81
427,279,79
427,701,81
428,701,74
428,396,47
429,526,83
429,344,57
429,476,80
429,507,50
430,446,39
430,476,75
430,438,67
430,464,72
431,930,71
431,526,70
432,476,84
432,841,82
432,157,40
432,402,74
432,786,82
432,930,73
433,959,74
433,356,82
433,252,93
433,525,74
433,138,35
433,194,66
433,498,29
434,476,70
434,396,36
434,150,40
434,526,100
435,737,76
435,438,74
435,232,80
435,464,92
435,930,84
436,130,76
436,232,72
436,841,21
437,252,43
437,168,73
437,157,70
438,150,76
438,138,98
438,502,75
438,157,85
438,930,21
438,476,83
439,930,29
439,138,74
439,168,69
439,737,82
439,414,72
440,402,76
440,168,85
440,525,87
440,507,72
440,344,58
441,857,85
441,252,77
442,659,75
442,476,72
442,150,52
443,960,72
443,232,42
444,344,85
444,525,59
444,252,72
444,659,67
444,414,29
445,476,50
445,671,66
446,138,77
446,857,76
447,699,72
447,659,64
447,438,55
448,396,76
448,506,98
448,157,72
448,438,28
448,857,71
449,165,59
449,959,75
449,526,65
449,446,75
449,252,82
449,750,79
450,165,82
450,502,44
450,857,71
450,396,94
450,659,100
451,857,85
451,356,85
451,921,85
452,506,87
452,498,71
452,446,92
453,864,67
453,476,77
453,502,52
453,930,93
453,921,72
453,737,92
454,699,37
454,525,71
454,150,76
454,402,76
455,526,90
455,150,60
455,841,58
455,960,77
455,750,71
455,279,78
456,526,31
456,777,25
457,344,39
457,786,84
457,671,81
457,168,95
457,857,98
457,414,52
458,356,90
458,864,83
458,960,71
458,921,94
459,252,83
459,786,88
460,266,56
460,157,20
461,252,86
461,960,83
461,446,37
461,165,85
461,921,71
461,959,79
462,960,76
462,232,90
462,150,37
462,737,84
462,701,80
462,396,85
462,279,40
463,396,97
463,168,82
464,356,73
464,841,84
464,438,40
465,252,78
465,857,34
465,157,77
465,659,75
465,671,69
466,506,44
466,526,88
466,168,74
467,356,84
467,464,75
468,750,82
468,671,20
468,168,52
468,777,98
468,150,88
468,414,37
469,402,75
469,414,64
469,150,97
469,857,75
469,526,79
470,138,94
470,750,53
470,168,71
470,150,61
471,396,77
471,168,89
471,786,81
471,157,23
471,525,74
472,446,70
472,165,72
472,266,29
472,414,77
473,737,79
473,786,82
473,464,87
473,344,77
474,526,77
474,777,81
474,921,32
475,525,47
475,507,76
475,701,73
475,150,58
475,157,85
475,232,74
475,506,36
476,344,73
476,232,77
477,402,79
477,414,82
477,252,79
477,841,48
478,506,72
478,138,85
478,498,58
478,476,58
478,438,82
479,502,80
479,525,72
479,138,25
479,526,94
479,402,93
479,168,87
479,438,82
480,138,88
480,786,20
480,498,72
480,446,37
480,701,79
481,699,58
481,402,71
481,252,73
481,194,88
481,446,58
481,498,78
482,864,21
482,526,70
482,194,72
483,507,81
483,864,44
483,476,85
484,252,80
484,402,44
484,266,76
484,438,78
485,930,84
485,750,74
485,502,70
486,344,81
486,857,77
487,864,57
487,526,38
487,857,84
488,168,71
488,526,70
488,138,85
488,701,78
489,525,88
489,476,80
489,438,80
489,446,59
489,266,75
489,507,37
489,659,80
490,165,44
490,701,67
490,525,70
490,252,72
491,396,79
491,252,72
491,157,81
492,750,73
492,864,75
492,737,70
492,498,74
493,526,95
493,506,80
494,252,74
494,737,30
494,507,43
494,446,83
494,498,89
494,130,74
495,279,66
495,526,99
495,659,51
495,750,88
495,777,85
496,438,76
496,526,77
496,960,86
496,959,73
496,464,38
496,396,74
496,525,80
497,857,81
497,750,72
497,671,73
497,864,74
497,476,72
497,402,77
497,699,96
498,157,79
498,750,70
498,279,40
498,464,64
498,232,33
498,502,85
499,446,76
499,138,29
500,777,76
500,671,92
500,498,20
501,701,52
501,864,84
501,659,84
501,786,74
501,737,71
502,414,81
502,502,80
502,525,77
503,930,84
503,777,79
504,498,72
504,344,28
504,960,76
504,194,83
504,737,74
504,266,78
504,396,72
505,507,58
505,671,75
505,252,81
505,506,22
505,701,76
505,526,72
505,446,95
506,699,71
506,194,80
506,502,77
507,194,32
507,356,72
507,750,83
507,506,72
507,841,47
507,498,70
508,502,76
508,356,72
508,266,83
508,526,45
509,438,70
509,960,71
509,130,77
510,502,97
510,266,62
510,157,48
510,194,79
511,150,85
511,857,66
511,252,81
512,960,53
512,150,56
512,446,25
512,402,60
512,165,74
512,252,58
513,402,72
513,699,84
513,671,84
513,921,23
513,232,42
514,857,77
514,344,74
514,266,85
514,356,75
514,959,77
515,507,70
515,921,84
515,464,83
515,194,74
515,699,42
515,737,48
516,252,78
516,786,94
516,232,24
516,130,100
516,777,83
516,356,71
517,165,83
517,864,71
517,168,66
518,165,64
518,266,67
518,777,82
518,959,79
519,396,79
519,344,85
519,168,77
519,402,84
519,446,85
520,750,85
520,525,98
520,396,85
520,157,26
520,498,73
520,356,80
520,921,73
521,150,79
521,356,75
522,446,93
522,344,90
522,659,53
522,356,76
522,841,29
522,168,95
522,507,42
523,506,84
523,737,84
524,671,72
524,266,71
524,476,88
524,396,83
524,960,32
525,438,75
525,168,93
525,737,84
525,266,36
525,960,71
525,402,20
525,506,27
526,737,77
526,138,70
526,168,78
526,659,70
526,526,70
526,864,55
527,396,92
527,737,81
527,446,81
528,841,76
528,525,83
529,402,44
529,659,38
529,671,84
530,525,67
530,476,71
530,138,73
530,841,80
530,168,82
531,252,58
531,464,69
532,701,81
532,464,81
533,701,71
533,525,55
534,786,29
534,777,76
534,525,76
535,498,70
535,750,85
535,138,77
536,959,42
536,507,75
537,737,50
537,864,79
537,252,69
538,138,84
538,498,81
538,130,70
538,921,82
538,786,78
539,438,99
539,921,38
539,507,85
539,356,61
539,786,79
539,699,79
540,279,80
540,157,71
540,150,72
541,959,81
541,960,95
541,737,79
541,498,68
542,864,75
542,194,71
542,921,28
543,921,72
543,138,71
543,750,94
543,157,67
543,344,85
543,266,72
544,701,79
544,841,38
545,138,35
545,699,83
546,959,36
546,402,44
546,671,98
546,150,89
546,786,71
546,841,57
547,507,72
547,402,52
548,507,81
548,232,84
548,396,34
548,252,81
548,414,82
549,506,52
549,157,69
549,402,80
549,750,89
549,857,99
549,701,32
549,138,69
550,464,70
550,864,85
550,266,44
550,476,66
550,232,82
550,921,75
550,356,62
551,857,96
551,777,82
551,356,84
552,959,43
552,506,83
552,659,84
553,498,76
553,446,77
554,525,74
554,502,77
554,157,85
554,402,38
554,841,71
555,150,60
555,232,74
555,737,58
555,168,81
556,356,74
556,476,72
556,525,72
556,279,77
556,438,78
556,857,66
556,930,41
557,699,88
557,502,79
558,507,77
558,502,71
558,344,75
558,279,82
558,194,43
558,864,49
558,960,76
559,498,79
559,165,73
559,959,92
559,194,39
559,232,73
560,464,53
560,130,82
560,502,34
560,402,79
560,356,81
561,446,81
561,864,78
561,414,86
561,150,56
561,507,84
561,138,64
562,526,95
562,659,70
562,498,85
562,507,76
563,266,84
563,959,81
564,396,84
564,414,71
564,671,49
565,476,66
565,165,36
566,266,20
566,750,25
566,464,22
567,502,74
567,138,82
567,396,56
567,526,94
567,864,76
567,266,70
567,786,82
568,699,77
568,737,93
568,506,28
568,959,28
568,507,85
568,150,69
569,526,66
569,232,72
569,168,71
569,130,72
569,165,29
569,446,82
569,266,71
570,157,35
570,446,86
570,671,81
570,396,81
570,130,36
570,525,79
570,252,64
571,168,76
571,921,70
571,232,81
571,786,76
571,864,82
572,959,71
572,737,83
572,507,40
572,344,41
573,168,92
573,671,75
573,194,27
573,279,82
574,464,71
574,502,72
574,344,78
574,750,78
574,476,74
575,507,85
575,232,76
575,777,57
575,356,25
576,138,77
576,930,94
576,525,82
576,232,84
577,502,54
577,959,93
577,507,44
577,786,94
577,446,60
577,864,94
577,396,74
578,777,22
578,194,75
578,750,82
578,396,37
579,130,72
579,150,97
579,446,70
579,701,26
580,168,64
580,750,23
580,476,78
581,857,80
581,266,86
581,930,22
582,446,91
582,671,82
583,699,59
583,701,46
584,194,23
584,864,74
584,356,76
585,786,73
585,864,30
585,266,78
585,232,71
585,446,85
586,194,74
586,157,78
586,438,83
586,699,76
586,777,73
586,168,82
586,671,65
587,671,24
587,959,32
587,138,48
587,960,77
587,414,80
588,699,83
588,464,47
588,921,82
589,526,93
589,777,69
589,750,71
589,476,30
589,157,59
589,737,82
590,279,91
590,266,82
590,464,70
590,659,70
590,130,28
590,438,80
590,786,85
591,498,67
591,168,46
591,659,72
592,526,85
592,396,67
592,498,90
592,525,72
592,414,79
592,438,71
592,671,87
593,414,78
593,232,79
593,857,81
593,930,73
593,402,93
593,841,96
594,165,73
594,502,59
595,502,90
595,396,79
595,498,84
596,414,71
596,396,83
596,750,82
596,252,82
597,750,66
597,438,95
597,498,81
597,266,83
597,194,24
597,232,83
597,130,64
598,498,57
598,194,70
598,168,80
598,446,74
598,344,59
598,841,76
599,737,43
599,344,81
599,165,60
599,699,53
599,864,74
599,438,72
600,165,71
600,750,74
600,506,43
600,150,72
600,446,75
601,525,76
601,786,84
601,194,71
602,959,38
602,157,75
602,737,81
602,930,76
602,699,72
603,396,85
603,506,83
603,960,26
603,138,73
603,921,30
603,507,100
604,464,86
604,498,70
605,138,70
605,525,83
605,864,85
605,344,71
605,671,53
605,414,76
605,157,71
606,252,90
606,864,77
606,841,85
606,130,97
606,699,72
607,526,75
607,130,65
608,921,62
608,232,72
608,279,82
608,786,49
608,930,73
609,130,82
609,402,55
609,165,73
609,864,70
609,279,80
610,507,50
610,930,71
610,266,77
610,446,71
610,402,70
610,279,37
610,737,76
611,671,73
611,396,36
611,857,81
612,526,41
612,476,72
612,232,72
612,446,71
613,130,66
613,165,84
613,396,81
613,266,20
613,864,74
613,841,99
614,857,90
614,168,84
615,130,72
615,526,79
615,737,79
615,476,80
615,252,95
615,344,81
616,960,74
616,446,85
616,232,66
616,344,79
616,194,34
616,921,73
617,446,84
617,414,80
618,446,76
618,525,68
618,659,77
618,864,83
619,857,87
619,750,35
619,157,84
619,659,80
619,525,63
619,699,79
620,507,79
620,777,96
620,526,74
620,930,85
621,502,76
621,446,79
621,786,61
621,960,75
621,130,98
622,232,35
622,671,81
622,165,52
622,402,58
622,464,71
623,232,72
623,279,99
623,841,34
623,921,79
623,446,71
624,138,81
624,960,84
624,194,74
624,841,84
624,864,80
625,921,56
625,165,82
625,786,81
626,138,77
626,502,83
626,864,77
627,960,33
627,252,85
628,130,49
628,737,23
628,506,75
628,701,84
629,921,79
629,750,42
629,464,95
629,252,22
629,446,22
630,864,52
630,930,56
630,194,70
630,232,24
631,476,83
631,502,71
631,232,63
631,959,75
631,864,75
631,344,83
632,841,51
632,266,71
632,864,59
632,157,39
633,414,89
633,476,75
633,671,73
633,232,32
633,786,79
633,930,99
634,506,73
634,476,77
634,344,58
634,414,80
634,857,85
634,841,70
635,659,73
635,438,21
636,777,85
636,525,74
636,446,75
636,737,64
637,138,76
637,959,60
637,498,81
637,356,98
637,777,82
637,194,51
637,414,81
638,150,73
638,525,21
638,701,85
638,841,26
638,476,83
638,777,81
639,737,83
639,841,76
639,857,63
640,157,37
640,252,42
640,476,33
640,777,76
640,138,98
640,841,70
641,857,75
641,157,73
641,841,71
641,138,62
642,841,78
642,438,36
642,266,85
642,750,92
643,507,63
643,960,84
644,252,86
644,526,73
644,777,79
644,750,70
644,502,86
645,402,85
645,396,82
645,476,74
645,168,70
646,659,74
646,252,71
647,476,70
647,671,87
647,786,82
647,921,83
647,841,69
647,507,40
647,737,37
648,252,32
648,777,83
648,464,33
649,438,60
649,344,92
650,506,85
650,165,81
650,525,72
650,857,77
650,396,65
650,699,75
650,777,84
651,138,80
651,526,72
651,266,36
651,194,83
651,750,73
651,777,22
652,232,58
652,777,75
652,930,32
652,279,49
652,266,32
652,165,84
652,414,81
653,168,80
653,396,85
654,498,72
654,438,59
654,960,77
654,857,33
654,168,41
655,857,82
655,252,36
656,266,76
656,525,83
656,165,80
656,138,75
656,252,73
657,526,97
657,130,78
657,150,69
657,506,26
657,701,76
658,777,59
658,138,71
658,464,90
658,506,38
658,446,70
659,857,85
659,438,73
659,157,73
659,864,29
660,165,76
660,841,70
660,130,37
660,777,74
660,414,84
660,857,85
660,476,78
661,498,72
661,659,94
661,168,78
661,446,75
661,699,79
661,438,82
662,279,81
662,138,91
662,414,92
662,476,71
662,356,60
662,507,24
663,194,70
663,157,41
663,525,93
663,464,73
663,777,78
663,959,80
663,414,46
664,786,82
664,921,72
664,130,85
664,414,75
664,699,52
664,502,97
664,138,71
665,402,72
665,659,60
665,750,61
665,446,70
666,446,77
666,476,26
666,864,79
666,438,78
666,498,27
666,130,74
666,841,83
667,165,72
667,699,70
667,266,47
667,671,80
667,750,75
668,960,78
668,930,80
669,786,20
669,150,91
670,507,39
670,671,73
671,506,83
671,737,72
671,525,73
671,476,81
672,659,51
672,507,95
672,786,70
673,165,86
673,526,71
673,356,85
674,701,85
674,930,95
674,777,79
675,165,78
675,194,84
675,659,79
675,138,38
675,506,94
676,279,77
676,750,88
676,266,76
676,464,37
676,414,25
677,786,60
677,526,54
677,659,81
677,266,97
677,864,83
677,396,77
678,232,80
678,356,99
678,157,94
678,671,78
679,446,40
679,959,85
680,165,79
680,464,83
681,841,29
681,138,80
681,157,85
681,525,58
681,356,45
681,857,75
682,864,82
682,150,51
682,157,80
682,252,78
682,498,45
682,699,96
683,464,55
683,930,20
684,446,77
684,150,83
685,699,78
685,414,38
685,252,43
685,959,81
685,438,59
685,130,31
686,138,74
686,921,81
687,168,76
687,699,85
687,930,67
687,841,79
688,841,82
688,138,83
688,414,76
688,857,80
688,438,83
689,750,26
689,165,90
689,168,78
689,157,39
689,232,72
690,857,82
690,699,51
690,252,78
690,138,71
691,194,74
691,498,84
691,864,51
691,701,72
691,266,81
691,438,39
691,960,73
692,750,59
692,138,79
692,446,63
693,699,80
693,671,84
694,506,73
694,857,73
695,659,37
695,699,84
695,526,71
695,498,72
695,864,85
695,157,90
696,344,82
696,502,80
696,525,84
696,402,64
696,446,59
696,356,84
696,777,75
697,150,84
697,414,78
698,476,46
698,266,93
698,960,65
698,356,83
699,786,83
699,930,80
699,777,63
699,414,68
699,168,54
700,737,76
700,438,49
700,464,94
700,659,80
700,476,78
700,857,83
701,502,78
701,446,84
701,507,92
701,464,72
701,930,40
701,266,74
702,150,74
702,857,96
702,777,77
702,864,73
702,402,84
702,502,83
702,396,81
703,701,81
703,130,53
704,232,83
704,699,73
704,959,71
704,526,80
705,150,72
705,396,36
705,502,69
705,165,70
705,841,50
705,402,77
705,959,75
706,671,89
706,438,33
706,857,95
706,464,27
706,777,71
707,438,25
707,786,76
707,699,76
707,701,84
707,525,71
707,396,83
707,921,80
708,266,72
708,841,84
708,786,82
708,750,82
708,864,50
708,498,83
708,960,73
709,402,70
709,498,85
709,266,24
710,959,32
710,344,50
711,464,75
711,344,100
711,786,70
711,252,74
711,737,54
711,921,71
712,138,73
712,279,83
712,130,64
712,659,74
712,699,77
712,841,83
713,150,61
713,356,72
713,525,82
713,502,82
713,344,94
713,157,79
714,168,78
714,841,26
714,414,57
714,252,71
714,921,72
714,786,49
714,507,77
715,476,44
715,857,74
715,157,72
715,266,80
716,959,52
716,526,25
716,232,77
717,446,70
717,168,71
717,525,78
717,857,75
717,165,35
717,737,63
718,701,75
718,959,73
718,699,62
718,356,79
718,921,43
718,168,81
718,930,53
719,130,68
719,659,27
719,414,41
719,921,73
719,507,82
720,525,28
720,279,77
721,921,73
721,498,74
721,864,75
721,232,31
721,194,46
722,130,82
722,252,84
722,414,83
722,344,77
723,130,84
723,232,85
723,737,76
723,396,78
723,750,79
724,525,74
724,737,76
725,525,41
725,414,71
725,777,27
725,857,71
725,232,75
725,498,74
725,150,91
726,168,83
726,786,81
726,165,79
726,194,52
727,438,83
727,857,83
727,476,71
728,671,82
728,168,77
728,414,82
728,356,70
729,165,71
729,841,84
729,464,77
729,414,75
730,960,74
730,464,83
730,402,89
731,506,83
731,138,37
731,252,75
731,959,71
731,232,29
732,864,75
732,701,60
732,150,71
732,130,88
732,525,94
732,438,87
732,157,23
733,502,78
733,786,79
733,396,33
733,930,85
733,414,78
733,526,24
733,960,70
734,777,98
734,750,65
734,498,85
735,525,81
735,446,22
735,699,84
735,671,30
735,737,41
736,396,64
736,526,75
736,777,89
736,502,85
737,396,20
737,959,76
737,464,48
737,699,71
738,526,44
738,279,30
738,750,51
738,921,61
738,659,82
738,857,53
738,525,50
739,506,84
739,502,74
740,414,84
740,476,73
740,671,85
741,659,84
741,279,74
741,266,68
741,138,78
742,841,77
742,138,84
742,960,73
742,777,100
742,344,66
742,356,81
743,502,75
743,699,82
743,402,41
743,701,75
743,168,75
743,464,78
744,502,71
744,165,29
744,930,82
745,701,75
745,344,83
745,150,45
745,396,23
745,659,75
745,476,81
746,777,54
746,356,69
746,786,80
746,857,60
746,252,70
746,498,80
747,841,87
747,157,81
747,356,73
748,502,75
748,506,76
748,396,92
748,402,80
748,130,48
748,232,82
749,402,64
749,438,62
749,232,89
749,266,74
750,525,80
750,252,73
750,750,74
750,130,93
750,671,57
751,864,98
751,446,75
751,266,81
751,165,43
752,507,80
752,279,36
753,138,80
753,194,81
753,502,57
754,194,81
754,476,70
754,414,72
754,356,57
754,168,23
755,737,67
755,857,70
755,344,83
755,786,81
755,279,77
755,841,70
756,356,81
756,266,72
756,252,70
756,502,52
756,414,77
756,344,41
757,165,84
757,402,73
757,279,76
757,525,71
757,438,72
758,506,84
758,502,69
759,959,84
759,402,74
760,857,48
760,194,61
760,699,21
761,438,70
761,737,56
761,356,55
761,402,70
761,841,39
761,194,88
761,157,92
762,168,82
762,446,94
762,502,80
762,232,85
762,786,77
762,960,54
762,150,79
763,502,89
763,476,28
763,507,24
763,921,37
763,701,75
764,502,40
764,737,29
764,701,62
764,959,66
764,138,48
764,438,70
765,402,67
765,526,75
765,659,38
765,786,70
766,414,23
766,737,81
766,921,71
766,464,70
767,857,73
767,150,24
767,930,83
767,438,30
767,252,40
768,414,91
768,476,84
768,279,54
769,502,92
769,525,37
769,168,83
769,841,78
770,921,74
770,438,77
770,750,94
771,414,89
771,659,76
772,414,85
772,506,66
773,737,53
773,525,89
773,841,82
774,701,81
774,464,79
774,138,25
774,498,70
774,130,70
774,252,52
774,960,83
775,750,49
775,438,76
775,777,95
775,507,78
775,150,80
775,252,80
776,165,22
776,659,82
776,864,82
776,446,71
776,194,83
776,498,51
777,402,83
777,959,84
777,157,79
777,701,92
778,402,85
778,464,72
778,279,70
778,130,72
779,737,80
779,507,77
779,138,58
779,266,77
779,396,75
779,786,72
779,526,78
780,841,59
780,857,74
780,356,79
780,130,69
780,671,79
781,777,73
781,864,92
781,930,82
781,130,29
782,525,51
782,841,51
783,671,95
783,737,77
783,150,80
783,526,73
783,476,81
783,659,60
783,930,75
784,507,77
784,506,22
784,150,78
784,857,71
784,701,61
784,130,76
785,266,77
785,699,76
785,930,32
785,498,84
785,960,74
786,786,78
786,168,83
786,194,73
786,525,69
786,252,81
787,841,46
787,525,75
787,464,53
787,737,85
787,777,79
787,150,45
787,959,77
788,138,84
788,960,84
788,498,65
788,157,38
788,476,75
789,671,33
789,356,70
790,464,50
790,857,76
790,786,63
790,701,85
790,959,75
790,252,93
790,402,82
791,344,73
791,502,73
791,138,97
791,165,74
791,525,76
792,150,29
792,356,23
792,168,77
792,194,40
793,446,92
793,777,73
793,396,92
794,402,74
794,168,65
794,414,62
794,138,49
794,464,73
794,232,79
795,659,26
795,252,40
795,446,99
795,464,72
796,252,83
796,414,35
796,502,60
797,438,73
797,737,77
797,232,72
798,864,71
798,138,84
798,130,85
799,194,74
799,252,90
799,841,81
799,498,77
800,777,72
800,130,86
800,864,36
800,498,40
800,356,83
800,750,65
801,476,86
801,266,38
801,777,71
802,506,74
802,701,74
802,525,85
802,841,95
802,356,78
802,476,50
803,507,55
803,138,78
803,446,69
803,921,40
803,476,83
804,699,78
804,194,87
804,507,80
804,252,75
804,525,33
804,857,60
805,279,80
805,701,74
805,786,97
805,438,21
805,857,73
806,356,82
806,659,77
806,232,26
806,841,85
806,502,68
806,507,77
807,750,70
807,506,75
807,157,32
808,356,75
808,507,75
808,138,85
808,777,75
808,841,83
809,506,91
809,502,42
810,502,85
810,699,72
810,750,76
810,438,80
811,507,34
811,525,35
811,446,70
811,959,75
811,930,23
812,130,83
812,165,38
812,841,56
812,168,52
812,476,42
812,507,85
812,402,71
813,194,30
813,526,77
813,701,25
813,960,72
813,841,47
813,930,73
814,857,80
814,165,65
814,506,71
814,526,79
814,960,83
815,232,23
815,344,96
815,857,84
815,438,52
816,266,82
816,344,80
816,446,91
816,506,60
817,921,90
817,438,36
817,252,71
817,507,73
817,671,78
817,960,43
817,402,43
818,396,95
818,502,81
818,266,79
818,232,51
818,786,78
818,130,71
819,344,54
819,476,54
819,150,84
819,930,52
819,396,29
819,446,53
820,344,93
820,476,89
820,396,77
820,506,74
820,777,75
820,959,74
821,777,73
821,659,38
821,157,85
821,446,98
821,502,82
821,194,78
821,138,72
822,659,77
822,168,23
823,857,78
823,526,85
823,396,79
824,414,75
824,507,49
824,476,67
824,525,32
824,786,33
824,502,82
824,498,73
825,930,81
825,959,71
825,168,78
825,279,40
825,960,71
825,786,66
825,194,34
826,498,85
826,344,74
826,921,83
827,525,76
827,777,32
827,402,29
828,476,77
828,750,71
828,701,75
828,507,65
828,525,79
828,921,83
828,150,80
829,344,25
829,232,47
830,157,77
830,165,80
830,960,91
830,857,74
830,476,79
830,252,71
831,402,72
831,699,76
831,252,72
832,750,92
832,279,33
832,737,70
832,671,79
833,841,31
833,168,84
833,777,72
833,438,84
833,507,85
834,659,83
834,279,96
835,777,76
835,498,83
835,464,98
835,737,64
835,659,61
836,841,75
836,507,49
836,130,81
837,150,83
837,507,75
837,960,20
837,252,85
837,737,71
837,498,60
837,526,76
838,150,84
838,266,76
838,168,80
839,396,85
839,266,78
839,138,92
839,356,85
839,864,82
840,507,81
840,438,74
840,777,52
840,498,38
840,750,81
840,194,84
840,857,70
841,841,73
841,414,38
841,921,80
841,737,24
841,671,61
842,671,57
842,464,86
842,526,81
842,438,77
842,659,83
842,157,81
842,786,76
843,777,84
843,476,28
844,130,81
844,344,76
844,266,85
844,138,73
845,701,77
845,659,54
845,671,99
845,130,79
845,786,80
845,194,76
845,498,78
846,157,21
846,476,90
846,130,69
846,396,84
846,777,35
846,150,94
847,194,71
847,507,74
847,266,45
847,786,76
847,750,77
847,959,77
847,232,71
848,750,66
848,498,71
849,194,84
849,671,42
849,232,73
849,279,98
850,659,42
850,414,79
850,464,20
851,194,73
851,396,55
851,138,77
851,150,96
851,699,28
851,464,70
852,930,84
852,168,79
852,526,73
852,396,50
852,414,71
852,157,75
853,396,30
853,150,70
854,266,70
854,344,82
854,138,71
854,737,75
854,701,87
854,786,22
855,502,97
855,659,84
855,750,47
855,864,77
855,671,30
856,750,44
856,279,73
856,356,30
856,476,73
857,150,71
857,396,44
857,750,37
857,168,71
857,786,24
857,414,74
858,344,72
858,841,84
858,507,80
858,786,100
858,960,85
859,165,78
859,786,71
859,414,33
860,750,70
860,507,64
860,841,75
860,930,78
860,526,71
861,777,48
861,130,100
861,279,79
862,138,93
862,279,75
862,464,80
862,526,69
863,786,76
863,150,47
863,402,73
863,699,76
863,864,78
864,396,51
864,959,75
864,857,70
864,356,43
864,737,36
865,279,80
865,701,21
865,194,70
865,659,48
866,701,57
866,266,77
866,506,37
866,659,78
866,737,24
866,252,90
866,959,40
867,414,33
867,157,82
867,750,42
868,506,82
868,699,81
868,344,27
869,476,75
869,930,81
870,659,78
870,699,87
870,150,85
870,737,71
870,526,83
870,464,81
871,252,65
871,438,82
871,396,78
871,857,56
871,130,69
871,671,31
872,446,85
872,194,74
872,864,72
872,165,93
872,232,70
872,476,32
872,402,86
873,438,79
873,252,75
873,396,78
873,502,72
873,157,54
874,525,84
874,414,65
874,165,85
874,777,71
875,507,70
875,168,73
875,959,27
875,841,45
875,356,27
876,502,85
876,252,28
877,737,39
877,506,84
877,525,37
877,930,24
877,526,79
878,138,70
878,737,27
878,150,72
878,701,85
878,750,73
878,232,74
878,960,42
879,168,69
879,959,97
879,921,71
879,857,47
879,157,73
879,252,31
880,701,85
880,506,50
880,921,96
880,165,76
880,150,83
881,750,72
881,446,62
881,526,81
881,165,79
882,841,72
882,737,24
882,786,52
883,168,72
883,506,57
883,930,79
883,701,78
883,699,78
883,921,65
883,266,74
884,960,39
884,930,71
885,857,78
885,138,51
885,476,77
885,266,72
886,525,94
886,857,71
886,502,71
886,344,77
887,921,40
887,699,52
888,344,94
888,526,64
888,476,95
888,138,24
888,671,73
889,150,78
889,525,34
889,402,80
889,960,45
889,476,77
889,959,71
889,737,57
890,525,80
890,356,70
890,464,81
890,266,75
890,502,85
890,165,31
890,930,72
891,526,53
891,168,26
891,438,80
891,279,30
891,930,58
892,232,79
892,344,85
892,476,79
892,507,71
892,506,78
892,438,72
893,168,74
893,130,22
893,150,91
893,232,81
894,737,64
894,165,77
894,959,81
895,750,74
895,737,54
895,507,29
895,396,74
895,165,79
895,699,43
896,356,64
896,786,97
896,232,70
896,960,72
897,150,38
897,502,73
897,396,75
898,864,75
898,356,77
898,344,55
898,960,81
899,266,77
899,959,73
899,701,85
899,438,75
899,506,37
900,659,73
900,138,65
900,506,68
900,168,85
900,841,86
900,525,21
900,266,65
901,476,62
901,396,75
901,502,35
901,857,87
901,446,75
902,157,36
902,737,82
903,701,75
903,671,77
903,737,60
903,464,81
903,507,75
903,659,72
903,786,41
904,279,70
904,502,76
905,960,80
905,464,84
905,157,85
905,165,74
905,659,98
905,414,33
906,165,47
906,402,74
906,194,28
906,396,76
906,168,46
907,930,60
907,344,85
907,402,82
907,498,41
907,476,74
907,921,72
908,446,23
908,701,73
908,525,83
908,168,29
909,506,73
909,194,27
909,701,73
909,502,78
909,737,33
909,446,81
909,526,78
910,232,47
910,701,81
910,930,73
911,396,22
911,750,62
911,506,93
912,157,100
912,857,82
912,194,82
913,232,43
913,464,82
913,344,41
914,502,73
914,526,80
915,671,77
915,344,82
915,252,43
915,150,81
915,525,64
915,777,79
916,464,58
916,194,85
916,960,36
916,138,66
916,525,67
916,659,72
916,356,25
917,786,72
917,659,70
917,344,77
918,659,77
918,476,85
918,699,30
919,252,81
919,507,70
919,502,34
919,344,20
920,699,71
920,841,24
920,750,74
921,864,76
921,476,83
921,786,82
921,138,79
922,168,78
922,921,70
922,165,71
922,476,89
922,438,47
922,699,73
922,157,53
923,841,77
923,506,35
924,777,80
924,750,37
924,526,85
924,699,89
924,502,45
924,498,81
925,165,55
925,930,95
925,130,81
926,864,76
926,279,82
926,777,28
926,252,91
927,960,73
927,777,80
927,921,94
927,506,82
928,864,76
928,150,80
928,659,91
928,921,82
928,402,26
928,507,73
929,506,45
929,130,84
929,138,31
929,168,71
929,841,98
930,446,76
930,150,91
931,921,81
931,671,70
932,960,65
932,701,74
932,671,48
932,857,84
932,396,85
932,194,94
933,252,76
933,701,85
933,502,76
933,446,72
933,130,95
933,168,38
933,841,77
934,498,76
934,476,81
934,857,84
935,150,90
935,701,82
935,777,81
935,786,71
935,737,70
936,959,76
936,526,70
936,864,74
936,507,24
936,150,70
937,750,44
937,506,74
937,138,47
938,507,60
938,701,22
938,502,72
938,476,78
939,356,76
939,857,93
939,699,82
939,959,80
939,701,45
939,864,88
939,130,47
940,506,66
940,356,37
940,476,77
940,959,64
941,252,84
941,960,78
942,446,74
942,671,85
943,165,76
943,701,54
944,701,82
944,750,81
944,506,24
945,960,82
945,502,70
946,525,60
946,857,71
946,526,50
946,921,73
946,396,28
946,959,73
947,396,70
947,750,71
947,279,91
947,266,74
947,857,76
948,168,93
948,506,20
949,777,85
949,960,95
950,857,96
950,438,67
950,252,70
950,507,85
950,464,79
950,157,37
950,476,43
951,526,85
951,506,74
951,476,27
951,659,44
951,507,73
951,279,71
952,959,23
952,476,80
953,841,67
953,157,72
953,498,84
953,476,76
953,356,73
953,737,69
953,864,77
954,737,74
954,266,74
954,750,85
954,671,85
954,402,73
954,777,83
954,921,21
955,356,22
955,930,93
955,194,56
955,266,89
955,476,75
956,507,73
956,671,88
956,252,66
956,506,76
956,502,43
956,659,56
956,777,77
957,502,83
957,168,44
957,930,43
958,498,76
958,396,41
959,165,72
959,506,40
959,130,83
959,232,84
959,502,59
960,526,26
960,525,53
960,279,51
960,659,70
960,777,72
960,194,75
961,701,79
961,157,75
961,138,84
961,414,80
962,750,100
962,279,83
962,266,30
962,344,70
962,659,84
962,194,73
962,701,75
963,671,81
963,279,82
963,959,74
963,737,56
964,498,85
964,737,35
965,777,70
965,671,20
965,464,89
965,157,79
965,168,24
965,750,60
965,165,82
966,921,82
966,750,28
966,279,70
967,168,75
967,701,72
967,438,77
967,930,33
967,194,38
968,438,77
968,671,76
968,502,72
968,857,78
968,252,73
968,279,82
969,857,30
969,252,71
970,157,69
970,930,76
970,402,75
970,266,30
970,526,39
971,130,74
971,701,84
971,671,75
971,344,62
972,841,65
972,165,75
973,402,44
973,526,55
973,507,80
973,150,79
973,786,90
973,396,67
973,671,84
974,414,34
974,498,82
974,659,95
974,130,39
974,857,82
975,699,83
975,777,82
975,438,73
976,737,22
976,786,50
977,138,82
977,476,72
977,157,85
977,232,78
977,279,54
978,252,70
978,671,38
979,857,63
979,841,71
979,525,83
979,498,70
980,414,24
980,701,98
980,232,76
980,857,95
980,138,72
980,252,74
980,864,20
981,344,71
981,150,64
981,356,82
981,194,73
981,130,83
981,659,83
981,396,74
982,526,74
982,130,81
982,150,60
982,446,36
982,777,69
983,857,76
983,498,80
983,396,99
983,659,79
983,266,30
983,476,57
983,777,80
984,671,69
984,737,75
984,960,83
984,266,73
985,446,36
985,841,80
985,701,55
986,526,74
986,930,77
986,438,72
986,414,79
986,279,70
986,476,72
987,150,37
987,699,83
987,777,82
987,232,82
987,506,31
988,194,51
988,476,77
989,344,76
989,921,25
990,506,90
990,737,78
990,396,82
990,446,74
990,864,80
990,959,55
990,786,92
991,157,29
991,750,73
991,438,59
991,130,40
991,165,70
991,279,82
992,699,78
992,279,29
992,921,76
993,356,74
993,165,62
993,150,72
994,701,74
994,414,69
994,168,91
995,396,77
995,279,84
995,959,85
995,446,70
995,841,41
996,525,81
996,507,21
996,402,25
996,930,30
997,157,28
997,138,72
997,438,79
997,921,72
997,502,29
997,396,63
997,402,79
998,526,42
998,930,75
998,921,69
998,864,80
998,266,97
999,750,22
999,165,73
999,232,48
999,396,49
999,279,81
999,506,97
999,464,69
1000,194,75
1000,737,85
1000,396,74
1000,446,81
1000,786,23
